{
  "root" : {
    "__class" : "RootNode",
    "children" : [
      {
        "__class" : "FrameNode",
        "aspectRatio" : null,
        "blendingEnabled" : 0,
        "blendingMode" : "normal",
        "bottom" : null,
        "centerAnchorX" : 0.2842003853564547,
        "centerAnchorY" : 0.85403726708074534,
        "children" : [

        ],
        "clip" : false,
        "codeOverrideEnabled" : false,
        "constraintsLocked" : false,
        "deviceType" : null,
        "exportOptions" : [

        ],
        "fillColor" : "rgba(255,255,255,1)",
        "fillEnabled" : true,
        "fillGradient" : {
          "__class" : "LinearGradient",
          "alpha" : 1,
          "angle" : 0,
          "end" : "rgba(0,0,0,0)",
          "start" : "black"
        },
        "fillImage" : "2CTpAq93lJtb4RWMMLUqXB9Vcmg.png",
        "fillImagePixelHeight" : 676,
        "fillImagePixelWidth" : 1038,
        "fillImageResize" : "fill",
        "fillType" : "image",
        "height" : 200,
        "heightType" : 0,
        "id" : "Rer2pd4r2",
        "intrinsicHeight" : 338,
        "intrinsicWidth" : 519,
        "isExternalMaster" : null,
        "isMaster" : false,
        "isTarget" : false,
        "left" : 1970,
        "locked" : false,
        "name" : "Photo 3",
        "navigationTarget" : null,
        "navigationTransition" : "push",
        "navigationTransitionBackdropColor" : "rgba(4,4,15,.4)",
        "navigationTransitionDirection" : "left",
        "opacity" : 1,
        "originalid" : null,
        "parentid" : "gPL_xnLRB",
        "previewSettings" : null,
        "radius" : 0,
        "radiusBottomLeft" : 0,
        "radiusBottomRight" : 0,
        "radiusIsRelative" : false,
        "radiusPerCorner" : false,
        "radiusTopLeft" : 0,
        "radiusTopRight" : 0,
        "replicaInfo" : null,
        "right" : null,
        "rotation" : 0,
        "top" : -45,
        "visible" : true,
        "width" : 300,
        "widthType" : 0
      },
      {
        "__class" : "FrameNode",
        "aspectRatio" : null,
        "blendingEnabled" : 0,
        "blendingMode" : "normal",
        "bottom" : null,
        "centerAnchorX" : -0.58666666666666667,
        "centerAnchorY" : 0.5,
        "children" : [

        ],
        "clip" : false,
        "codeOverrideEnabled" : false,
        "constraintsLocked" : false,
        "deviceType" : null,
        "exportOptions" : [

        ],
        "fillColor" : "rgba(255,255,255,1)",
        "fillEnabled" : true,
        "fillGradient" : {
          "__class" : "LinearGradient",
          "alpha" : 1,
          "angle" : 0,
          "end" : "rgba(0,0,0,0)",
          "start" : "black"
        },
        "fillImage" : "w1ynR9etLWCxwJdvN6i0ZLQiQcA.png",
        "fillImagePixelHeight" : 644,
        "fillImagePixelWidth" : 1038,
        "fillImageResize" : "fill",
        "fillType" : "image",
        "height" : 200,
        "heightType" : 0,
        "id" : "YnDC7plFs",
        "intrinsicHeight" : 322,
        "intrinsicWidth" : 519,
        "isExternalMaster" : null,
        "isMaster" : false,
        "isTarget" : false,
        "left" : 1644,
        "locked" : false,
        "name" : "Photo 2",
        "navigationTarget" : null,
        "navigationTransition" : "push",
        "navigationTransitionBackdropColor" : "rgba(4,4,15,.4)",
        "navigationTransitionDirection" : "left",
        "opacity" : 1,
        "originalid" : null,
        "parentid" : "gPL_xnLRB",
        "previewSettings" : null,
        "radius" : 0,
        "radiusBottomLeft" : 0,
        "radiusBottomRight" : 0,
        "radiusIsRelative" : false,
        "radiusPerCorner" : false,
        "radiusTopLeft" : 0,
        "radiusTopRight" : 0,
        "replicaInfo" : null,
        "right" : null,
        "rotation" : 0,
        "top" : -45,
        "visible" : true,
        "width" : 300,
        "widthType" : 0
      },
      {
        "__class" : "FrameNode",
        "aspectRatio" : null,
        "blendingEnabled" : 0,
        "blendingMode" : "normal",
        "bottom" : null,
        "centerAnchorX" : 0.57999999999999996,
        "centerAnchorY" : 0.5,
        "children" : [

        ],
        "clip" : false,
        "codeOverrideEnabled" : false,
        "constraintsLocked" : false,
        "deviceType" : null,
        "exportOptions" : [

        ],
        "fillColor" : "rgba(255,255,255,1)",
        "fillEnabled" : true,
        "fillGradient" : {
          "__class" : "LinearGradient",
          "alpha" : 1,
          "angle" : 0,
          "end" : "rgba(0,0,0,0)",
          "start" : "black"
        },
        "fillImage" : "A81uZKZTYsqRkGKVkbtWf1ktO3w.png",
        "fillImagePixelHeight" : 574,
        "fillImagePixelWidth" : 1032,
        "fillImageResize" : "fill",
        "fillType" : "image",
        "height" : 200,
        "heightType" : 0,
        "id" : "iy3h5pIce",
        "intrinsicHeight" : 287,
        "intrinsicWidth" : 516,
        "isExternalMaster" : null,
        "isMaster" : false,
        "isTarget" : false,
        "left" : 1318,
        "locked" : false,
        "name" : "Photo 1",
        "navigationTarget" : null,
        "navigationTransition" : "push",
        "navigationTransitionBackdropColor" : "rgba(4,4,15,.4)",
        "navigationTransitionDirection" : "left",
        "opacity" : 1,
        "originalid" : null,
        "parentid" : "gPL_xnLRB",
        "previewSettings" : null,
        "radius" : 0,
        "radiusBottomLeft" : 0,
        "radiusBottomRight" : 0,
        "radiusIsRelative" : false,
        "radiusPerCorner" : false,
        "radiusTopLeft" : 0,
        "radiusTopRight" : 0,
        "replicaInfo" : null,
        "right" : null,
        "rotation" : 0,
        "top" : -45,
        "visible" : true,
        "width" : 300,
        "widthType" : 0
      },
      {
        "__class" : "FrameNode",
        "aspectRatio" : null,
        "blendingEnabled" : 0,
        "blendingMode" : "normal",
        "bottom" : null,
        "boxShadows" : [
          {
            "__class" : "BoxShadow",
            "blur" : 5,
            "color" : "rgba(0,0,0,0.25)",
            "enabled" : true,
            "inset" : false,
            "spread" : 0,
            "x" : 0,
            "y" : 2
          }
        ],
        "centerAnchorX" : 0,
        "centerAnchorY" : 0,
        "children" : [
          {
            "__class" : "FrameNode",
            "aspectRatio" : null,
            "blendingEnabled" : 0,
            "blendingMode" : "normal",
            "borderBottom" : 1,
            "borderColor" : "rgba(218, 220, 223, 1.00)",
            "borderEnabled" : -1,
            "borderLeft" : 1,
            "borderPerSide" : false,
            "borderRight" : 1,
            "borderStyle" : "solid",
            "borderTop" : 1,
            "borderWidth" : 1,
            "bottom" : null,
            "centerAnchorX" : 0.184,
            "centerAnchorY" : 0.21289355322338829,
            "children" : [
              {
                "__class" : "TextNode",
                "autoSize" : true,
                "bottom" : null,
                "centerAnchorX" : 0.6071428571428571,
                "centerAnchorY" : 0.46875,
                "codeOverrideEnabled" : false,
                "constraintsLocked" : false,
                "exportOptions" : [

                ],
                "height" : 18,
                "heightType" : 0,
                "id" : "biWBBX79n",
                "isTarget" : false,
                "left" : null,
                "locked" : false,
                "name" : "Label",
                "opacity" : 1,
                "originalid" : null,
                "parentid" : "mvPeZmQZA",
                "right" : 15,
                "rotation" : 0,
                "styledText" : {
                  "__class" : "StyledTextDraft",
                  "blocks" : [
                    {
                      "data" : {
                        "emptyStyle" : [
                          "LETTERSPACING:0",
                          "LINEHEIGHT:1.2",
                          "SIZE:15",
                          "FONT:HelveticaNeue-Medium",
                          "COLOR:rgba(60, 64, 67, 1.00)"
                        ]
                      },
                      "depth" : 0,
                      "entityRanges" : [

                      ],
                      "inlineStyleRanges" : [
                        {
                          "length" : 6,
                          "offset" : 0,
                          "style" : "LETTERSPACING:0"
                        },
                        {
                          "length" : 6,
                          "offset" : 0,
                          "style" : "LINEHEIGHT:1.2"
                        },
                        {
                          "length" : 6,
                          "offset" : 0,
                          "style" : "SIZE:15"
                        },
                        {
                          "length" : 6,
                          "offset" : 0,
                          "style" : "FONT:HelveticaNeue-Medium"
                        },
                        {
                          "length" : 6,
                          "offset" : 0,
                          "style" : "COLOR:rgba(60, 64, 67, 1.00)"
                        }
                      ],
                      "key" : "f06da",
                      "text" : "Follow",
                      "type" : "unstyled"
                    }
                  ],
                  "cached" : {
                    "html" : "<div data-offset-key=\"f06da-0-0\" class=\"public-DraftStyleDefault-block public-DraftStyleDefault-ltr\"><span data-offset-key=\"f06da-0-0\" style=\"tab-size:4;font-weight:500;font-family:&quot;HelveticaNeue-Medium&quot;, &quot;Helvetica Neue&quot;, sans-serif;-webkit-text-fill-color:rgba(60, 64, 67, 1.00);font-size:15px;letter-spacing:0px;line-height:1.2\"><span data-text=\"true\">Follow<\/span><\/span><\/div>",
                    "os" : "10_14",
                    "size" : {
                      "height" : 18,
                      "width" : 47
                    },
                    "width" : 0
                  },
                  "entityMap" : {

                  }
                },
                "top" : 6,
                "visible" : true,
                "width" : 47,
                "widthType" : 0
              },
              {
                "__class" : "ShapeContainerNode",
                "autoSize" : true,
                "bottom" : null,
                "centerAnchorX" : 0.22580645161290322,
                "centerAnchorY" : 0.5,
                "children" : [
                  {
                    "__class" : "RectangleShapeNode",
                    "aspectRatio" : null,
                    "exportOptions" : [

                    ],
                    "fillColor" : "rgba(26, 115, 231, 1.00)",
                    "fillEnabled" : true,
                    "fillGradient" : {
                      "__class" : "LinearGradient",
                      "alpha" : 1,
                      "angle" : 0,
                      "end" : "rgba(0,0,0,0)",
                      "start" : "black"
                    },
                    "fillImage" : null,
                    "fillImagePixelHeight" : null,
                    "fillImagePixelWidth" : null,
                    "fillImageResize" : "fill",
                    "fillType" : "color",
                    "height" : 12,
                    "id" : "dhkExxBwe",
                    "locked" : false,
                    "name" : null,
                    "opacity" : 1,
                    "originalid" : null,
                    "parentid" : "r15dGcsOp",
                    "radius" : 0,
                    "radiusBottomLeft" : 0,
                    "radiusBottomRight" : 0,
                    "radiusPerCorner" : false,
                    "radiusTopLeft" : 0,
                    "radiusTopRight" : 0,
                    "rotation" : 0,
                    "visible" : true,
                    "width" : 1.5,
                    "x" : 11.25,
                    "y" : 6
                  },
                  {
                    "__class" : "RectangleShapeNode",
                    "aspectRatio" : null,
                    "exportOptions" : [

                    ],
                    "fillColor" : "rgba(26, 115, 231, 1.00)",
                    "fillEnabled" : true,
                    "fillGradient" : {
                      "__class" : "LinearGradient",
                      "alpha" : 1,
                      "angle" : 0,
                      "end" : "rgba(0,0,0,0)",
                      "start" : "black"
                    },
                    "fillImage" : null,
                    "fillImagePixelHeight" : null,
                    "fillImagePixelWidth" : null,
                    "fillImageResize" : "fill",
                    "fillType" : "color",
                    "height" : 1.5,
                    "id" : "SOZHnBs59",
                    "locked" : false,
                    "name" : null,
                    "opacity" : 1,
                    "originalid" : null,
                    "parentid" : "r15dGcsOp",
                    "radius" : 0,
                    "radiusBottomLeft" : 0,
                    "radiusBottomRight" : 0,
                    "radiusPerCorner" : false,
                    "radiusTopLeft" : 0,
                    "radiusTopRight" : 0,
                    "rotation" : 0,
                    "visible" : true,
                    "width" : 12,
                    "x" : 6,
                    "y" : 11.25
                  }
                ],
                "constraintsLocked" : false,
                "deviceType" : null,
                "exportIncludesBackground" : false,
                "exportOptions" : [

                ],
                "fillColor" : "#FFF",
                "fillEnabled" : false,
                "fillGradient" : {
                  "__class" : "LinearGradient",
                  "alpha" : 1,
                  "angle" : 0,
                  "end" : "rgba(0,0,0,0)",
                  "start" : "black"
                },
                "fillImage" : null,
                "fillImagePixelHeight" : null,
                "fillImagePixelWidth" : null,
                "fillImageResize" : "fill",
                "fillType" : "color",
                "height" : 24,
                "heightType" : 0,
                "id" : "r15dGcsOp",
                "left" : 9,
                "locked" : false,
                "name" : "Icon",
                "navigationTarget" : null,
                "navigationTransition" : "push",
                "navigationTransitionBackdropColor" : "rgba(4,4,15,.4)",
                "navigationTransitionDirection" : "left",
                "opacity" : 1,
                "originalid" : null,
                "parentid" : "mvPeZmQZA",
                "previewSettings" : null,
                "radius" : 0,
                "radiusBottomLeft" : 0,
                "radiusBottomRight" : 0,
                "radiusPerCorner" : false,
                "radiusTopLeft" : 0,
                "radiusTopRight" : 0,
                "right" : null,
                "sizeToFit" : false,
                "top" : null,
                "visible" : true,
                "width" : 24,
                "widthType" : 0
              }
            ],
            "clip" : false,
            "codeOverrideEnabled" : false,
            "constraintsLocked" : false,
            "deviceType" : null,
            "exportOptions" : [

            ],
            "fillColor" : "rgba(26, 115, 231, 0.07)",
            "fillEnabled" : true,
            "fillGradient" : {
              "__class" : "LinearGradient",
              "alpha" : 1,
              "angle" : 0,
              "end" : "rgba(0,0,0,0)",
              "start" : "black"
            },
            "fillImage" : null,
            "fillImagePixelHeight" : null,
            "fillImagePixelWidth" : null,
            "fillImageResize" : "fill",
            "fillType" : "color",
            "height" : 32,
            "heightType" : 0,
            "id" : "mvPeZmQZA",
            "intrinsicHeight" : null,
            "intrinsicWidth" : null,
            "isExternalMaster" : null,
            "isMaster" : false,
            "isTarget" : false,
            "left" : 20,
            "locked" : false,
            "name" : "FollowButton",
            "navigationTarget" : null,
            "navigationTransition" : "push",
            "navigationTransitionBackdropColor" : "rgba(4,4,15,.4)",
            "navigationTransitionDirection" : "left",
            "opacity" : 1,
            "originalid" : null,
            "parentid" : "sxWUqWkCX",
            "previewSettings" : null,
            "radius" : 80,
            "radiusBottomLeft" : 80,
            "radiusBottomRight" : 80,
            "radiusIsRelative" : false,
            "radiusPerCorner" : false,
            "radiusTopLeft" : 80,
            "radiusTopRight" : 80,
            "replicaInfo" : null,
            "right" : null,
            "rotation" : 0,
            "top" : 126,
            "visible" : true,
            "width" : 98,
            "widthType" : 0
          },
          {
            "__class" : "FrameNode",
            "aspectRatio" : null,
            "blendingEnabled" : 0,
            "blendingMode" : "normal",
            "bottom" : 62,
            "centerAnchorX" : 0.5,
            "centerAnchorY" : 0.57946026986506749,
            "children" : [
              {
                "__class" : "FrameNode",
                "aspectRatio" : null,
                "blendingEnabled" : 0,
                "blendingMode" : "normal",
                "bottom" : null,
                "centerAnchorX" : 0.5,
                "centerAnchorY" : 0.014874141876430207,
                "children" : [

                ],
                "clip" : false,
                "codeOverrideEnabled" : false,
                "constraintsLocked" : false,
                "deviceType" : null,
                "exportOptions" : [

                ],
                "fillColor" : "rgba(224, 224, 224, 1.00)",
                "fillEnabled" : true,
                "fillGradient" : {
                  "__class" : "LinearGradient",
                  "alpha" : 1,
                  "angle" : 0,
                  "end" : "rgba(0,0,0,0)",
                  "start" : "black"
                },
                "fillImage" : null,
                "fillImagePixelHeight" : null,
                "fillImagePixelWidth" : null,
                "fillImageResize" : "fill",
                "fillType" : "color",
                "height" : 1,
                "heightType" : 0,
                "id" : "EgECxWVXj",
                "intrinsicHeight" : null,
                "intrinsicWidth" : null,
                "isExternalMaster" : null,
                "isMaster" : false,
                "isTarget" : false,
                "left" : 0,
                "locked" : false,
                "name" : null,
                "navigationTarget" : null,
                "navigationTransition" : "push",
                "navigationTransitionBackdropColor" : "rgba(4,4,15,.4)",
                "navigationTransitionDirection" : "left",
                "opacity" : 1,
                "originalid" : null,
                "parentid" : "ovvVhxXkZ",
                "previewSettings" : null,
                "radius" : 0,
                "radiusBottomLeft" : 0,
                "radiusBottomRight" : 0,
                "radiusIsRelative" : false,
                "radiusPerCorner" : false,
                "radiusTopLeft" : 0,
                "radiusTopRight" : 0,
                "replicaInfo" : null,
                "right" : 0,
                "rotation" : 0,
                "top" : 6,
                "visible" : true,
                "width" : 375,
                "widthType" : 0
              },
              {
                "__class" : "FrameNode",
                "aspectRatio" : 2.7777777777777777,
                "blendingEnabled" : 0,
                "blendingMode" : "normal",
                "bottom" : null,
                "centerAnchorX" : 0.5,
                "centerAnchorY" : 0.17048054919908467,
                "children" : [

                ],
                "clip" : false,
                "codeOverrideEnabled" : false,
                "constraintsLocked" : false,
                "deviceType" : null,
                "exportOptions" : [

                ],
                "fillColor" : "rgba(255,255,255,1)",
                "fillEnabled" : true,
                "fillGradient" : {
                  "__class" : "LinearGradient",
                  "alpha" : 1,
                  "angle" : 0,
                  "end" : "rgba(0,0,0,0)",
                  "start" : "black"
                },
                "fillImage" : "d2KZSaUyBUn3o96ldzCRksh4yM.png",
                "fillImagePixelHeight" : 270,
                "fillImagePixelWidth" : 750,
                "fillImageResize" : "fill",
                "fillType" : "image",
                "height" : 135,
                "heightType" : 0,
                "id" : "pcqfTx4ZX",
                "intrinsicHeight" : 135,
                "intrinsicWidth" : 375,
                "isExternalMaster" : null,
                "isMaster" : false,
                "isTarget" : false,
                "left" : 0,
                "locked" : false,
                "name" : null,
                "navigationTarget" : null,
                "navigationTransition" : "push",
                "navigationTransitionBackdropColor" : "rgba(4,4,15,.4)",
                "navigationTransitionDirection" : "left",
                "opacity" : 1,
                "originalid" : null,
                "parentid" : "ovvVhxXkZ",
                "previewSettings" : null,
                "radius" : 0,
                "radiusBottomLeft" : 0,
                "radiusBottomRight" : 0,
                "radiusIsRelative" : false,
                "radiusPerCorner" : false,
                "radiusTopLeft" : 0,
                "radiusTopRight" : 0,
                "replicaInfo" : null,
                "right" : 0,
                "rotation" : 0,
                "top" : 7,
                "visible" : true,
                "width" : 375,
                "widthType" : 0
              },
              {
                "__class" : "FrameNode",
                "aspectRatio" : null,
                "blendingEnabled" : 0,
                "blendingMode" : "normal",
                "bottom" : 9,
                "centerAnchorX" : 0.5,
                "centerAnchorY" : 0.97826086956521741,
                "children" : [

                ],
                "clip" : false,
                "codeOverrideEnabled" : false,
                "constraintsLocked" : false,
                "deviceType" : null,
                "exportOptions" : [

                ],
                "fillColor" : "rgba(224, 224, 224, 1.00)",
                "fillEnabled" : true,
                "fillGradient" : {
                  "__class" : "LinearGradient",
                  "alpha" : 1,
                  "angle" : 0,
                  "end" : "rgba(0,0,0,0)",
                  "start" : "black"
                },
                "fillImage" : null,
                "fillImagePixelHeight" : null,
                "fillImagePixelWidth" : null,
                "fillImageResize" : "fill",
                "fillType" : "color",
                "height" : 1,
                "heightType" : 0,
                "id" : "ubjoLkEW1",
                "intrinsicHeight" : null,
                "intrinsicWidth" : null,
                "isExternalMaster" : null,
                "isMaster" : false,
                "isTarget" : false,
                "left" : 0,
                "locked" : false,
                "name" : null,
                "navigationTarget" : null,
                "navigationTransition" : "push",
                "navigationTransitionBackdropColor" : "rgba(4,4,15,.4)",
                "navigationTransitionDirection" : "left",
                "opacity" : 1,
                "originalid" : null,
                "parentid" : "ovvVhxXkZ",
                "previewSettings" : null,
                "radius" : 0,
                "radiusBottomLeft" : 0,
                "radiusBottomRight" : 0,
                "radiusIsRelative" : false,
                "radiusPerCorner" : false,
                "radiusTopLeft" : 0,
                "radiusTopRight" : 0,
                "replicaInfo" : null,
                "right" : 0,
                "rotation" : 0,
                "top" : null,
                "visible" : true,
                "width" : 375,
                "widthType" : 0
              },
              {
                "__class" : "FrameNode",
                "aspectRatio" : 1.356060606060606,
                "blendingEnabled" : 0,
                "blendingMode" : "normal",
                "bottom" : 21,
                "centerAnchorX" : 0.49866666666666665,
                "centerAnchorY" : 0.64988558352402748,
                "children" : [

                ],
                "clip" : false,
                "codeOverrideEnabled" : false,
                "constraintsLocked" : false,
                "deviceType" : null,
                "exportOptions" : [

                ],
                "fillColor" : "rgba(255,255,255,1)",
                "fillEnabled" : true,
                "fillGradient" : {
                  "__class" : "LinearGradient",
                  "alpha" : 1,
                  "angle" : 0,
                  "end" : "rgba(0,0,0,0)",
                  "start" : "black"
                },
                "fillImage" : "mNNXjIF2Z1FG0PaOZ23eIfESVE.png",
                "fillImagePixelHeight" : 528,
                "fillImagePixelWidth" : 716,
                "fillImageResize" : "fill",
                "fillType" : "image",
                "height" : 264,
                "heightType" : 0,
                "id" : "HY1USMsm9",
                "intrinsicHeight" : 264,
                "intrinsicWidth" : 358,
                "isExternalMaster" : null,
                "isMaster" : false,
                "isTarget" : false,
                "left" : 8,
                "locked" : false,
                "name" : null,
                "navigationTarget" : null,
                "navigationTransition" : "push",
                "navigationTransitionBackdropColor" : "rgba(4,4,15,.4)",
                "navigationTransitionDirection" : "left",
                "opacity" : 1,
                "originalFilename" : "",
                "originalid" : null,
                "parentid" : "ovvVhxXkZ",
                "previewSettings" : null,
                "radius" : 0,
                "radiusBottomLeft" : 0,
                "radiusBottomRight" : 0,
                "radiusIsRelative" : false,
                "radiusPerCorner" : false,
                "radiusTopLeft" : 0,
                "radiusTopRight" : 0,
                "replicaInfo" : null,
                "right" : 9,
                "rotation" : 0,
                "top" : null,
                "visible" : true,
                "width" : 358,
                "widthType" : 0
              }
            ],
            "clip" : false,
            "codeOverrideEnabled" : false,
            "constraintsLocked" : false,
            "deviceType" : null,
            "exportOptions" : [

            ],
            "fillColor" : "hsla(0, 0%, 100%, 0.5)",
            "fillEnabled" : true,
            "fillGradient" : {
              "__class" : "LinearGradient",
              "alpha" : 1,
              "angle" : 0,
              "end" : "rgba(0,0,0,0)",
              "start" : "black"
            },
            "fillImage" : null,
            "fillImagePixelHeight" : null,
            "fillImagePixelWidth" : null,
            "fillImageResize" : "fill",
            "fillType" : "color",
            "height" : 437,
            "heightType" : 0,
            "id" : "ovvVhxXkZ",
            "intrinsicHeight" : null,
            "intrinsicWidth" : null,
            "isExternalMaster" : null,
            "isMaster" : false,
            "isTarget" : false,
            "left" : 0,
            "locked" : false,
            "name" : "Contents",
            "navigationTarget" : null,
            "navigationTransition" : "push",
            "navigationTransitionBackdropColor" : "rgba(4,4,15,.4)",
            "navigationTransitionDirection" : "left",
            "opacity" : 1,
            "originalid" : null,
            "parentid" : "sxWUqWkCX",
            "previewSettings" : null,
            "radius" : 0,
            "radiusBottomLeft" : 0,
            "radiusBottomRight" : 0,
            "radiusIsRelative" : false,
            "radiusPerCorner" : false,
            "radiusTopLeft" : 0,
            "radiusTopRight" : 0,
            "replicaInfo" : null,
            "right" : 0,
            "rotation" : 0,
            "top" : null,
            "visible" : true,
            "width" : 375,
            "widthType" : 0
          },
          {
            "__class" : "FrameNode",
            "aspectRatio" : null,
            "blendingEnabled" : 0,
            "blendingMode" : "normal",
            "bottom" : null,
            "centerAnchorX" : 0.5,
            "centerAnchorY" : 0.10419790104947527,
            "children" : [
              {
                "__class" : "TextNode",
                "autoSize" : true,
                "bottom" : 27,
                "centerAnchorX" : 0.21733333333333332,
                "centerAnchorY" : 0.63636363636363635,
                "codeOverrideEnabled" : false,
                "constraintsLocked" : false,
                "exportOptions" : [

                ],
                "height" : 18,
                "heightType" : 0,
                "id" : "vHvpB0zk3",
                "isTarget" : false,
                "left" : 20,
                "locked" : false,
                "name" : null,
                "opacity" : 1,
                "originalid" : null,
                "parentid" : "TDNQNVzBC",
                "right" : null,
                "rotation" : 0,
                "styledText" : {
                  "__class" : "StyledTextDraft",
                  "blocks" : [
                    {
                      "data" : {
                        "emptyStyle" : [
                          "LETTERSPACING:0",
                          "LINEHEIGHT:1.2",
                          "FONT:HelveticaNeue",
                          "SIZE:15",
                          "COLOR:rgba(95, 99, 104, 1.00)"
                        ]
                      },
                      "depth" : 0,
                      "entityRanges" : [

                      ],
                      "inlineStyleRanges" : [
                        {
                          "length" : 18,
                          "offset" : 0,
                          "style" : "LETTERSPACING:0"
                        },
                        {
                          "length" : 18,
                          "offset" : 0,
                          "style" : "LINEHEIGHT:1.2"
                        },
                        {
                          "length" : 18,
                          "offset" : 0,
                          "style" : "FONT:HelveticaNeue"
                        },
                        {
                          "length" : 18,
                          "offset" : 0,
                          "style" : "SIZE:15"
                        },
                        {
                          "length" : 18,
                          "offset" : 0,
                          "style" : "COLOR:rgba(95, 99, 104, 1.00)"
                        }
                      ],
                      "key" : "f06da",
                      "text" : "Popular City • $$$",
                      "type" : "unstyled"
                    }
                  ],
                  "cached" : {
                    "html" : "<div data-offset-key=\"f06da-0-0\" class=\"public-DraftStyleDefault-block public-DraftStyleDefault-ltr\"><span data-offset-key=\"f06da-0-0\" style=\"tab-size:4;font-weight:400;font-family:&quot;HelveticaNeue&quot;, &quot;Helvetica Neue&quot;, sans-serif;-webkit-text-fill-color:rgba(95, 99, 104, 1.00);font-size:15px;letter-spacing:0px;line-height:1.2\"><span data-text=\"true\">Popular City • $$$<\/span><\/span><\/div>",
                    "os" : "10_14",
                    "size" : {
                      "height" : 18,
                      "width" : 123
                    },
                    "width" : 0
                  },
                  "entityMap" : {

                  }
                },
                "top" : null,
                "visible" : true,
                "width" : 123,
                "widthType" : 0
              },
              {
                "__class" : "TextNode",
                "autoSize" : true,
                "bottom" : 7,
                "centerAnchorX" : 0.104,
                "centerAnchorY" : 0.83838383838383834,
                "codeOverrideEnabled" : false,
                "constraintsLocked" : false,
                "exportOptions" : [

                ],
                "height" : 18,
                "heightType" : 0,
                "id" : "i5cnjMtLM",
                "isTarget" : false,
                "left" : 20,
                "locked" : false,
                "name" : null,
                "opacity" : 1,
                "originalid" : null,
                "parentid" : "TDNQNVzBC",
                "right" : null,
                "rotation" : 0,
                "styledText" : {
                  "__class" : "StyledTextDraft",
                  "blocks" : [
                    {
                      "data" : {
                        "emptyStyle" : [
                          "LETTERSPACING:0",
                          "LINEHEIGHT:1.2",
                          "FONT:HelveticaNeue",
                          "COLOR:hsl(102, 100%, 30%)",
                          "SIZE:15"
                        ]
                      },
                      "depth" : 0,
                      "entityRanges" : [

                      ],
                      "inlineStyleRanges" : [
                        {
                          "length" : 4,
                          "offset" : 0,
                          "style" : "LETTERSPACING:0"
                        },
                        {
                          "length" : 4,
                          "offset" : 0,
                          "style" : "LINEHEIGHT:1.2"
                        },
                        {
                          "length" : 4,
                          "offset" : 0,
                          "style" : "FONT:HelveticaNeue"
                        },
                        {
                          "length" : 4,
                          "offset" : 0,
                          "style" : "COLOR:hsl(102, 100%, 30%)"
                        },
                        {
                          "length" : 4,
                          "offset" : 0,
                          "style" : "SIZE:15"
                        }
                      ],
                      "key" : "f06da",
                      "text" : "Open",
                      "type" : "unstyled"
                    }
                  ],
                  "cached" : {
                    "html" : "<div data-offset-key=\"f06da-0-0\" class=\"public-DraftStyleDefault-block public-DraftStyleDefault-ltr\"><span data-offset-key=\"f06da-0-0\" style=\"tab-size:4;font-weight:400;font-family:&quot;HelveticaNeue&quot;, &quot;Helvetica Neue&quot;, sans-serif;-webkit-text-fill-color:hsl(102, 100%, 30%);font-size:15px;letter-spacing:0px;line-height:1.2\"><span data-text=\"true\">Open<\/span><\/span><\/div>",
                    "os" : "10_14",
                    "size" : {
                      "height" : 18,
                      "width" : 38
                    },
                    "width" : 0
                  },
                  "entityMap" : {

                  }
                },
                "top" : null,
                "visible" : true,
                "width" : 38,
                "widthType" : 0
              },
              {
                "__class" : "TextNode",
                "autoSize" : true,
                "bottom" : 7,
                "centerAnchorX" : 0.34133333333333332,
                "centerAnchorY" : 0.83838383838383834,
                "codeOverrideEnabled" : false,
                "constraintsLocked" : false,
                "exportOptions" : [

                ],
                "height" : 18,
                "heightType" : 0,
                "id" : "akjftQOhL",
                "isTarget" : false,
                "left" : 61,
                "locked" : false,
                "name" : null,
                "opacity" : 1,
                "originalid" : null,
                "parentid" : "TDNQNVzBC",
                "right" : null,
                "rotation" : 0,
                "styledText" : {
                  "__class" : "StyledTextDraft",
                  "blocks" : [
                    {
                      "data" : {
                        "emptyStyle" : [
                          "LETTERSPACING:0",
                          "LINEHEIGHT:1.2",
                          "FONT:HelveticaNeue",
                          "SIZE:15",
                          "COLOR:rgba(95, 99, 104, 1.00)"
                        ]
                      },
                      "depth" : 0,
                      "entityRanges" : [

                      ],
                      "inlineStyleRanges" : [
                        {
                          "length" : 19,
                          "offset" : 0,
                          "style" : "LETTERSPACING:0"
                        },
                        {
                          "length" : 19,
                          "offset" : 0,
                          "style" : "LINEHEIGHT:1.2"
                        },
                        {
                          "length" : 19,
                          "offset" : 0,
                          "style" : "FONT:HelveticaNeue"
                        },
                        {
                          "length" : 19,
                          "offset" : 0,
                          "style" : "SIZE:15"
                        },
                        {
                          "length" : 19,
                          "offset" : 0,
                          "style" : "COLOR:rgba(95, 99, 104, 1.00)"
                        }
                      ],
                      "key" : "f06da",
                      "text" : "• Closes at 5:30 PM",
                      "type" : "unstyled"
                    }
                  ],
                  "cached" : {
                    "html" : "<div data-offset-key=\"f06da-0-0\" class=\"public-DraftStyleDefault-block public-DraftStyleDefault-ltr\"><span data-offset-key=\"f06da-0-0\" style=\"tab-size:4;font-weight:400;font-family:&quot;HelveticaNeue&quot;, &quot;Helvetica Neue&quot;, sans-serif;-webkit-text-fill-color:rgba(95, 99, 104, 1.00);font-size:15px;letter-spacing:0px;line-height:1.2\"><span data-text=\"true\">• Closes at 5:30 PM<\/span><\/span><\/div>",
                    "os" : "10_14",
                    "size" : {
                      "height" : 18,
                      "width" : 134
                    },
                    "width" : 0
                  },
                  "entityMap" : {

                  }
                },
                "top" : null,
                "visible" : true,
                "width" : 134,
                "widthType" : 0
              },
              {
                "__class" : "TextNode",
                "autoSize" : true,
                "bottom" : null,
                "centerAnchorX" : 0.23066666666666666,
                "centerAnchorY" : 0.18181818181818182,
                "codeOverrideEnabled" : false,
                "constraintsLocked" : false,
                "exportOptions" : [

                ],
                "height" : 24,
                "heightType" : 0,
                "id" : "LNQ_nzVOO",
                "isTarget" : false,
                "left" : 20,
                "locked" : false,
                "name" : null,
                "opacity" : 1,
                "originalid" : null,
                "parentid" : "TDNQNVzBC",
                "right" : null,
                "rotation" : 0,
                "styledText" : {
                  "__class" : "StyledTextDraft",
                  "blocks" : [
                    {
                      "data" : {
                        "emptyStyle" : [
                          "LETTERSPACING:0",
                          "LINEHEIGHT:1.2",
                          "FONT:HelveticaNeue",
                          "SIZE:20",
                          "COLOR:rgba(46, 46, 46, 1.00)"
                        ]
                      },
                      "depth" : 0,
                      "entityRanges" : [

                      ],
                      "inlineStyleRanges" : [
                        {
                          "length" : 14,
                          "offset" : 0,
                          "style" : "LETTERSPACING:0"
                        },
                        {
                          "length" : 14,
                          "offset" : 0,
                          "style" : "LINEHEIGHT:1.2"
                        },
                        {
                          "length" : 14,
                          "offset" : 0,
                          "style" : "FONT:HelveticaNeue"
                        },
                        {
                          "length" : 14,
                          "offset" : 0,
                          "style" : "SIZE:20"
                        },
                        {
                          "length" : 14,
                          "offset" : 0,
                          "style" : "COLOR:rgba(46, 46, 46, 1.00)"
                        }
                      ],
                      "key" : "f06da",
                      "text" : "King’s Landing",
                      "type" : "unstyled"
                    }
                  ],
                  "cached" : {
                    "html" : "<div data-offset-key=\"f06da-0-0\" class=\"public-DraftStyleDefault-block public-DraftStyleDefault-ltr\"><span data-offset-key=\"f06da-0-0\" style=\"tab-size:4;font-weight:400;font-family:&quot;HelveticaNeue&quot;, &quot;Helvetica Neue&quot;, sans-serif;-webkit-text-fill-color:rgba(46, 46, 46, 1.00);font-size:20px;letter-spacing:0px;line-height:1.2\"><span data-text=\"true\">King’s Landing<\/span><\/span><\/div>",
                    "os" : "10_14",
                    "size" : {
                      "height" : 24,
                      "width" : 133
                    },
                    "width" : 0
                  },
                  "entityMap" : {

                  }
                },
                "top" : 6,
                "visible" : true,
                "width" : 133,
                "widthType" : 0
              },
              {
                "__class" : "TextNode",
                "autoSize" : true,
                "bottom" : null,
                "centerAnchorX" : 0.082666666666666666,
                "centerAnchorY" : 0.43434343434343436,
                "codeOverrideEnabled" : false,
                "constraintsLocked" : false,
                "exportOptions" : [

                ],
                "height" : 18,
                "heightType" : 0,
                "id" : "U4OpcyKV4",
                "isTarget" : false,
                "left" : 20,
                "locked" : false,
                "name" : null,
                "opacity" : 1,
                "originalid" : null,
                "parentid" : "TDNQNVzBC",
                "right" : null,
                "rotation" : 0,
                "styledText" : {
                  "__class" : "StyledTextDraft",
                  "blocks" : [
                    {
                      "data" : {
                        "emptyStyle" : [
                          "LETTERSPACING:0",
                          "LINEHEIGHT:1.2",
                          "FONT:HelveticaNeue",
                          "SIZE:15",
                          "COLOR:rgba(95, 99, 104, 1.00)"
                        ]
                      },
                      "depth" : 0,
                      "entityRanges" : [

                      ],
                      "inlineStyleRanges" : [
                        {
                          "length" : 3,
                          "offset" : 0,
                          "style" : "LETTERSPACING:0"
                        },
                        {
                          "length" : 3,
                          "offset" : 0,
                          "style" : "LINEHEIGHT:1.2"
                        },
                        {
                          "length" : 3,
                          "offset" : 0,
                          "style" : "FONT:HelveticaNeue"
                        },
                        {
                          "length" : 3,
                          "offset" : 0,
                          "style" : "SIZE:15"
                        },
                        {
                          "length" : 3,
                          "offset" : 0,
                          "style" : "COLOR:rgba(95, 99, 104, 1.00)"
                        }
                      ],
                      "key" : "f06da",
                      "text" : "4.5",
                      "type" : "unstyled"
                    }
                  ],
                  "cached" : {
                    "html" : "<div data-offset-key=\"f06da-0-0\" class=\"public-DraftStyleDefault-block public-DraftStyleDefault-ltr\"><span data-offset-key=\"f06da-0-0\" style=\"tab-size:4;font-weight:400;font-family:&quot;HelveticaNeue&quot;, &quot;Helvetica Neue&quot;, sans-serif;-webkit-text-fill-color:rgba(95, 99, 104, 1.00);font-size:15px;letter-spacing:0px;line-height:1.2\"><span data-text=\"true\">4.5<\/span><\/span><\/div>",
                    "os" : "10_14",
                    "size" : {
                      "height" : 18,
                      "width" : 22
                    },
                    "width" : 0
                  },
                  "entityMap" : {

                  }
                },
                "top" : 34,
                "visible" : true,
                "width" : 22,
                "widthType" : 0
              },
              {
                "__class" : "FrameNode",
                "aspectRatio" : 3.8500000000000001,
                "blendingEnabled" : 0,
                "blendingMode" : "normal",
                "bottom" : null,
                "centerAnchorX" : 0.21466666666666667,
                "centerAnchorY" : 0.43434343434343436,
                "children" : [

                ],
                "clip" : false,
                "codeOverrideEnabled" : false,
                "constraintsLocked" : false,
                "deviceType" : null,
                "exportOptions" : [

                ],
                "fillColor" : "rgba(255,255,255,1)",
                "fillEnabled" : true,
                "fillGradient" : {
                  "__class" : "LinearGradient",
                  "alpha" : 1,
                  "angle" : 0,
                  "end" : "rgba(0,0,0,0)",
                  "start" : "black"
                },
                "fillImage" : "pzjnrUsYBFEikLjO9Ut8qCtkyr4.png",
                "fillImagePixelHeight" : 40,
                "fillImagePixelWidth" : 154,
                "fillImageResize" : "fill",
                "fillType" : "image",
                "height" : 20,
                "heightType" : 0,
                "id" : "ETE4szRLM",
                "intrinsicHeight" : 20,
                "intrinsicWidth" : 77,
                "isExternalMaster" : null,
                "isMaster" : false,
                "isTarget" : false,
                "left" : 42,
                "locked" : false,
                "name" : null,
                "navigationTarget" : null,
                "navigationTransition" : "push",
                "navigationTransitionBackdropColor" : "rgba(4,4,15,.4)",
                "navigationTransitionDirection" : "left",
                "opacity" : 1,
                "originalid" : null,
                "parentid" : "TDNQNVzBC",
                "previewSettings" : null,
                "radius" : 0,
                "radiusBottomLeft" : 0,
                "radiusBottomRight" : 0,
                "radiusIsRelative" : false,
                "radiusPerCorner" : false,
                "radiusTopLeft" : 0,
                "radiusTopRight" : 0,
                "replicaInfo" : null,
                "right" : null,
                "rotation" : 0,
                "top" : 33,
                "visible" : true,
                "width" : 77,
                "widthType" : 0
              },
              {
                "__class" : "TextNode",
                "autoSize" : true,
                "bottom" : null,
                "centerAnchorX" : 0.39333333333333331,
                "centerAnchorY" : 0.43434343434343436,
                "codeOverrideEnabled" : false,
                "constraintsLocked" : false,
                "exportOptions" : [

                ],
                "height" : 18,
                "heightType" : 0,
                "id" : "DpBTth4Cs",
                "isTarget" : false,
                "left" : 120,
                "locked" : false,
                "name" : null,
                "opacity" : 1,
                "originalid" : null,
                "parentid" : "TDNQNVzBC",
                "right" : null,
                "rotation" : 0,
                "styledText" : {
                  "__class" : "StyledTextDraft",
                  "blocks" : [
                    {
                      "data" : {
                        "emptyStyle" : [
                          "LETTERSPACING:0",
                          "LINEHEIGHT:1.2",
                          "FONT:HelveticaNeue",
                          "SIZE:15",
                          "COLOR:rgba(95, 99, 104, 1.00)"
                        ]
                      },
                      "depth" : 0,
                      "entityRanges" : [

                      ],
                      "inlineStyleRanges" : [
                        {
                          "length" : 8,
                          "offset" : 0,
                          "style" : "LETTERSPACING:0"
                        },
                        {
                          "length" : 8,
                          "offset" : 0,
                          "style" : "LINEHEIGHT:1.2"
                        },
                        {
                          "length" : 8,
                          "offset" : 0,
                          "style" : "FONT:HelveticaNeue"
                        },
                        {
                          "length" : 8,
                          "offset" : 0,
                          "style" : "SIZE:15"
                        },
                        {
                          "length" : 8,
                          "offset" : 0,
                          "style" : "COLOR:rgba(95, 99, 104, 1.00)"
                        }
                      ],
                      "key" : "f06da",
                      "text" : "(12,445)",
                      "type" : "unstyled"
                    }
                  ],
                  "cached" : {
                    "html" : "<div data-offset-key=\"f06da-0-0\" class=\"public-DraftStyleDefault-block public-DraftStyleDefault-ltr\"><span data-offset-key=\"f06da-0-0\" style=\"tab-size:4;font-weight:400;font-family:&quot;HelveticaNeue&quot;, &quot;Helvetica Neue&quot;, sans-serif;-webkit-text-fill-color:rgba(95, 99, 104, 1.00);font-size:15px;letter-spacing:0px;line-height:1.2\"><span data-text=\"true\">(12,445)<\/span><\/span><\/div>",
                    "os" : "10_14",
                    "size" : {
                      "height" : 18,
                      "width" : 55
                    },
                    "width" : 0
                  },
                  "entityMap" : {

                  }
                },
                "top" : 34,
                "visible" : true,
                "width" : 55,
                "widthType" : 0
              },
              {
                "__class" : "FrameNode",
                "aspectRatio" : null,
                "blendingEnabled" : 0,
                "blendingMode" : "normal",
                "bottom" : null,
                "centerAnchorX" : 0.5013333333333333,
                "centerAnchorY" : -0.090909090909090912,
                "children" : [

                ],
                "clip" : false,
                "codeOverrideEnabled" : false,
                "constraintsLocked" : false,
                "deviceType" : null,
                "exportOptions" : [

                ],
                "fillColor" : "rgba(218, 220, 223, 1.00)",
                "fillEnabled" : true,
                "fillGradient" : {
                  "__class" : "LinearGradient",
                  "alpha" : 1,
                  "angle" : 0,
                  "end" : "rgba(0,0,0,0)",
                  "start" : "black"
                },
                "fillImage" : null,
                "fillImagePixelHeight" : null,
                "fillImagePixelWidth" : null,
                "fillImageResize" : "fill",
                "fillType" : "color",
                "height" : 4,
                "heightType" : 0,
                "id" : "MiI15UZ0k",
                "intrinsicHeight" : null,
                "intrinsicWidth" : null,
                "isExternalMaster" : null,
                "isMaster" : false,
                "isTarget" : false,
                "left" : null,
                "locked" : false,
                "name" : null,
                "navigationTarget" : null,
                "navigationTransition" : "push",
                "navigationTransitionBackdropColor" : "rgba(4,4,15,.4)",
                "navigationTransitionDirection" : "left",
                "opacity" : 1,
                "originalid" : null,
                "parentid" : "TDNQNVzBC",
                "previewSettings" : null,
                "radius" : 40,
                "radiusBottomLeft" : 40,
                "radiusBottomRight" : 40,
                "radiusIsRelative" : false,
                "radiusPerCorner" : false,
                "radiusTopLeft" : 40,
                "radiusTopRight" : 40,
                "replicaInfo" : null,
                "right" : null,
                "rotation" : 0,
                "top" : -11,
                "visible" : true,
                "width" : 26,
                "widthType" : 0
              }
            ],
            "clip" : false,
            "codeOverrideEnabled" : false,
            "constraintsLocked" : false,
            "deviceType" : null,
            "exportOptions" : [

            ],
            "fillColor" : "hsla(0, 0%, 100%, 0.5)",
            "fillEnabled" : true,
            "fillGradient" : {
              "__class" : "LinearGradient",
              "alpha" : 1,
              "angle" : 0,
              "end" : "rgba(0,0,0,0)",
              "start" : "black"
            },
            "fillImage" : null,
            "fillImagePixelHeight" : null,
            "fillImagePixelWidth" : null,
            "fillImageResize" : "fill",
            "fillType" : "color",
            "height" : 99,
            "heightType" : 0,
            "id" : "TDNQNVzBC",
            "intrinsicHeight" : null,
            "intrinsicWidth" : null,
            "isExternalMaster" : null,
            "isMaster" : false,
            "isTarget" : false,
            "left" : 0,
            "locked" : false,
            "name" : "Header",
            "navigationTarget" : null,
            "navigationTransition" : "push",
            "navigationTransitionBackdropColor" : "rgba(4,4,15,.4)",
            "navigationTransitionDirection" : "left",
            "opacity" : 1,
            "originalid" : null,
            "parentid" : "sxWUqWkCX",
            "previewSettings" : null,
            "radius" : 0,
            "radiusBottomLeft" : 0,
            "radiusBottomRight" : 0,
            "radiusIsRelative" : false,
            "radiusPerCorner" : false,
            "radiusTopLeft" : 0,
            "radiusTopRight" : 0,
            "replicaInfo" : null,
            "right" : 0,
            "rotation" : 0,
            "top" : 20,
            "visible" : true,
            "width" : 375,
            "widthType" : 0
          }
        ],
        "clip" : true,
        "codeOverrideEnabled" : false,
        "constraintsLocked" : false,
        "deviceType" : "framer\/FramerAppleIPhone8",
        "exportOptions" : [

        ],
        "fillColor" : "rgba(255,255,255,1)",
        "fillEnabled" : true,
        "fillGradient" : {
          "__class" : "LinearGradient",
          "alpha" : 1,
          "angle" : 0,
          "end" : "rgba(0,0,0,0)",
          "start" : "black"
        },
        "fillImage" : null,
        "fillImagePixelHeight" : null,
        "fillImagePixelWidth" : null,
        "fillImageResize" : "fill",
        "fillType" : "color",
        "height" : 667,
        "heightType" : 0,
        "id" : "sxWUqWkCX",
        "intrinsicHeight" : null,
        "intrinsicWidth" : null,
        "isExternalMaster" : null,
        "isMaster" : false,
        "isTarget" : false,
        "left" : 1318,
        "locked" : false,
        "name" : "VenuePane",
        "navigationTarget" : null,
        "navigationTransition" : "push",
        "navigationTransitionBackdropColor" : "rgba(4,4,15,.4)",
        "navigationTransitionDirection" : "left",
        "opacity" : 1,
        "originalid" : null,
        "parentid" : "gPL_xnLRB",
        "previewSettings" : null,
        "radius" : 8,
        "radiusBottomLeft" : 0,
        "radiusBottomRight" : 0,
        "radiusIsRelative" : false,
        "radiusPerCorner" : true,
        "radiusTopLeft" : 8,
        "radiusTopRight" : 8,
        "replicaInfo" : null,
        "right" : null,
        "rotation" : 0,
        "top" : 219,
        "visible" : true,
        "width" : 375,
        "widthType" : 0
      },
      {
        "__class" : "FrameNode",
        "aspectRatio" : 0.58049535603715174,
        "blendingEnabled" : 0,
        "blendingMode" : "normal",
        "bottom" : null,
        "centerAnchorX" : 0.96666666666666667,
        "centerAnchorY" : 0.22338830584707647,
        "children" : [

        ],
        "clip" : false,
        "codeOverrideEnabled" : false,
        "constraintsLocked" : false,
        "deviceType" : null,
        "exportOptions" : [

        ],
        "fillColor" : "rgba(255,255,255,1)",
        "fillEnabled" : true,
        "fillGradient" : {
          "__class" : "LinearGradient",
          "alpha" : 1,
          "angle" : 0,
          "end" : "rgba(0,0,0,0)",
          "start" : "black"
        },
        "fillImage" : "YelKVh0s6Ox3F8vWkyhEqCJW8.png",
        "fillImagePixelHeight" : 1292,
        "fillImagePixelWidth" : 750,
        "fillImageResize" : "fill",
        "fillType" : "image",
        "height" : 646,
        "heightType" : 0,
        "id" : "kwJdBtZ8b",
        "intrinsicHeight" : 646,
        "intrinsicWidth" : 375,
        "isExternalMaster" : null,
        "isMaster" : true,
        "isTarget" : false,
        "left" : 1739,
        "locked" : false,
        "name" : "FakeMap",
        "navigationTarget" : null,
        "navigationTransition" : "push",
        "navigationTransitionBackdropColor" : "rgba(4,4,15,.4)",
        "navigationTransitionDirection" : "left",
        "opacity" : 1,
        "originalid" : null,
        "parentid" : "gPL_xnLRB",
        "previewSettings" : null,
        "radius" : 0,
        "radiusBottomLeft" : 0,
        "radiusBottomRight" : 0,
        "radiusIsRelative" : false,
        "radiusPerCorner" : false,
        "radiusTopLeft" : 0,
        "radiusTopRight" : 0,
        "replicaInfo" : null,
        "right" : null,
        "rotation" : 0,
        "top" : 219,
        "visible" : true,
        "width" : 375,
        "widthType" : 0
      }
    ],
    "id" : "gPL_xnLRB",
    "name" : null,
    "originalid" : null,
    "parentid" : null,
    "tokens" : {

    },
    "visible" : false
  },
  "version" : 49
}